event_id,restaurant_id,timestamp,menu_json
5001-001,5001,2024-01-22 00:00:00,"{""categories"": [{""category_name"": ""Main Dishes"", ""items"": [{""item_id"": 101, ""name"": ""Classic Burger"", ""price"": 10.13, ""description"": ""Beef patty with lettuce, tomato, and special sauce"", ""image_url"": ""cdn.jet.com/b1.jpg""}, {""item_id"": 102, ""name"": ""Veggie Burger"", ""price"": 10.38, ""description"": ""Plant-based patty with avocado"", ""image_url"": ""cdn.jet.com/b2.jpg""}, {""item_id"": 103, ""name"": ""Double Cheese Burger"", ""price"": 13.22, ""description"": ""Two beef patties with cheddar cheese"", ""image_url"": ""cdn.jet.com/b3.jpg""}, {""item_id"": 104, ""name"": ""Bacon Burger"", ""price"": 11.45, ""description"": ""Beef patty with crispy bacon"", ""image_url"": ""cdn.jet.com/b4.jpg""}]}, {""category_name"": ""Sides"", ""items"": [{""item_id"": 201, ""name"": ""French Fries"", ""price"": 4.12, ""description"": ""Crispy golden fries"", ""image_url"": ""cdn.jet.com/s1.jpg""}, {""item_id"": 202, ""name"": ""Onion Rings"", ""price"": 4.36, ""description"": null, ""image_url"": null}, {""item_id"": 203, ""name"": ""Coleslaw"", ""price"": 2.84, ""description"": ""Fresh cabbage salad"", ""image_url"": ""cdn.jet.com/s3.jpg""}]}]}"
5001-002,5001,2024-03-23 00:00:00,"{""categories"": [{""category_name"": ""Main Dishes"", ""items"": [{""item_id"": 101, ""name"": ""Classic Burger"", ""price"": 10.13, ""description"": ""Beef patty with lettuce, tomato, and special sauce"", ""image_url"": ""cdn.jet.com/b1.jpg""}, {""item_id"": 102, ""name"": ""Veggie Burger"", ""price"": 10.41, ""description"": ""Plant-based patty with avocado"", ""image_url"": ""cdn.jet.com/b2.jpg""}, {""item_id"": 103, ""name"": ""Double Cheese Burger"", ""price"": 13.01, ""description"": ""Two beef patties with cheddar cheese"", ""image_url"": ""cdn.jet.com/b3.jpg""}, {""item_id"": 104, ""name"": ""Bacon Burger"", ""price"": 11.57, ""description"": ""Beef patty with crispy bacon"", ""image_url"": ""cdn.jet.com/b4.jpg""}]}, {""category_name"": ""Sides"", ""items"": [{""item_id"": 201, ""name"": ""French Fries"", ""price"": 3.82, ""description"": ""Crispy golden fries"", ""image_url"": ""cdn.jet.com/s1.jpg""}, {""item_id"": 202, ""name"": ""Onion Rings"", ""price"": 4.53, ""description"": null, ""image_url"": null}, {""item_id"": 203, ""name"": ""Coleslaw"", ""price"": 2.89, ""description"": ""Fresh cabbage salad"", ""image_url"": ""cdn.jet.com/s3.jpg""}]}]}"
5001-003,5001,2024-04-29 00:00:00,"{""categories"": [{""category_name"": ""Main Dishes"", ""items"": [{""item_id"": 101, ""name"": ""Classic Burger"", ""price"": 10.29, ""description"": ""Beef patty with lettuce, tomato, and special sauce"", ""image_url"": ""cdn.jet.com/b1.jpg""}, {""item_id"": 102, ""name"": ""Veggie Burger"", ""price"": 10.32, ""description"": ""Plant-based patty with avocado"", ""image_url"": ""cdn.jet.com/b2.jpg""}, {""item_id"": 103, ""name"": ""Double Cheese Burger"", ""price"": 13.14, ""description"": ""Two beef patties with cheddar cheese"", ""image_url"": ""cdn.jet.com/b3.jpg""}, {""item_id"": 104, ""name"": ""Bacon Burger"", ""price"": 11.48, ""description"": ""Beef patty with crispy bacon"", ""image_url"": ""cdn.jet.com/b4.jpg""}]}, {""category_name"": ""Sides"", ""items"": [{""item_id"": 201, ""name"": ""French Fries"", ""price"": 4.21, ""description"": ""Crispy golden fries"", ""image_url"": ""cdn.jet.com/s1.jpg""}, {""item_id"": 202, ""name"": ""Onion Rings"", ""price"": 4.29, ""description"": null, ""image_url"": null}, {""item_id"": 203, ""name"": ""Coleslaw"", ""price"": 2.82, ""description"": ""Fresh cabbage salad"", ""image_url"": ""cdn.jet.com/s3.jpg""}]}]}"
5001-004,5001,2024-06-16 00:00:00,"{""categories"": [{""category_name"": ""Main Dishes"", ""items"": [{""item_id"": 101, ""name"": ""Classic Burger"", ""price"": 10.15, ""description"": ""Beef patty with lettuce, tomato, and special sauce"", ""image_url"": ""cdn.jet.com/b1.jpg""}, {""item_id"": 102, ""name"": ""Veggie Burger"", ""price"": 10.58, ""description"": ""Plant-based patty with avocado"", ""image_url"": ""cdn.jet.com/b2.jpg""}, {""item_id"": 103, ""name"": ""Double Cheese Burger"", ""price"": 12.97, ""description"": ""Two beef patties with cheddar cheese"", ""image_url"": ""cdn.jet.com/b3.jpg""}, {""item_id"": 104, ""name"": ""Bacon Burger"", ""price"": 11.64, ""description"": ""Beef patty with crispy bacon"", ""image_url"": ""cdn.jet.com/b4.jpg""}]}, {""category_name"": ""Sides"", ""items"": [{""item_id"": 201, ""name"": ""French Fries"", ""price"": 3.89, ""description"": ""Crispy golden fries"", ""image_url"": ""cdn.jet.com/s1.jpg""}, {""item_id"": 202, ""name"": ""Onion Rings"", ""price"": 4.4, ""description"": null, ""image_url"": null}]}]}"
5001-005,5001,2024-08-15 00:00:00,"{""categories"": [{""category_name"": ""Main Dishes"", ""items"": [{""item_id"": 101, ""name"": ""Classic Burger"", ""price"": 9.95, ""description"": ""Beef patty with lettuce, tomato, and special sauce"", ""image_url"": ""cdn.jet.com/b1.jpg""}, {""item_id"": 102, ""name"": ""Veggie Burger"", ""price"": 10.39, ""description"": ""Plant-based patty with avocado"", ""image_url"": ""cdn.jet.com/b2.jpg""}, {""item_id"": 103, ""name"": ""Double Cheese Burger"", ""price"": 12.82, ""description"": ""Two beef patties with cheddar cheese"", ""image_url"": ""cdn.jet.com/b3.jpg""}, {""item_id"": 104, ""name"": ""Bacon Burger"", ""price"": 11.72, ""description"": ""Beef patty with crispy bacon"", ""image_url"": ""cdn.jet.com/b4.jpg""}]}, {""category_name"": ""Sides"", ""items"": [{""item_id"": 201, ""name"": ""French Fries"", ""price"": 3.71, ""description"": ""Crispy golden fries"", ""image_url"": ""cdn.jet.com/s1.jpg""}, {""item_id"": 202, ""name"": ""Onion Rings"", ""price"": 4.34, ""description"": null, ""image_url"": null}, {""item_id"": 203, ""name"": ""Coleslaw"", ""price"": 2.7, ""description"": ""Fresh cabbage salad"", ""image_url"": ""cdn.jet.com/s3.jpg""}]}]}"
5001-006,5001,2024-10-16 00:00:00,"{""categories"": [{""category_name"": ""Main Dishes"", ""items"": [{""item_id"": 101, ""name"": ""Classic Burger"", ""price"": 9.99, ""description"": ""Beef patty with lettuce, tomato, and special sauce"", ""image_url"": ""cdn.jet.com/b1.jpg""}, {""item_id"": 102, ""name"": ""Veggie Burger"", ""price"": 10.66, ""description"": ""Plant-based patty with avocado"", ""image_url"": ""cdn.jet.com/b2.jpg""}, {""item_id"": 103, ""name"": ""Double Cheese Burger"", ""price"": 13.03, ""description"": ""Two beef patties with cheddar cheese"", ""image_url"": ""cdn.jet.com/b3.jpg""}, {""item_id"": 104, ""name"": ""Bacon Burger"", ""price"": 11.62, ""description"": ""Beef patty with crispy bacon"", ""image_url"": ""cdn.jet.com/b4.jpg""}]}, {""category_name"": ""Sides"", ""items"": [{""item_id"": 201, ""name"": ""French Fries"", ""price"": 3.89, ""description"": ""Crispy golden fries"", ""image_url"": ""cdn.jet.com/s1.jpg""}, {""item_id"": 202, ""name"": ""Onion Rings"", ""price"": 4.59, ""description"": null, ""image_url"": null}, {""item_id"": 203, ""name"": ""Coleslaw"", ""price"": 3.16, ""description"": ""Fresh cabbage salad"", ""image_url"": ""cdn.jet.com/s3.jpg""}]}]}"
5001-007,5001,2024-11-27 00:00:00,"{""categories"": [{""category_name"": ""Main Dishes"", ""items"": [{""item_id"": 101, ""name"": ""Classic Burger"", ""price"": 9.91, ""description"": ""Beef patty with lettuce, tomato, and special sauce"", ""image_url"": ""cdn.jet.com/b1.jpg""}, {""item_id"": 102, ""name"": ""Veggie Burger"", ""price"": 10.32, ""description"": ""Plant-based patty with avocado"", ""image_url"": ""cdn.jet.com/b2.jpg""}, {""item_id"": 103, ""name"": ""Double Cheese Burger"", ""price"": 12.99, ""description"": ""Two beef patties with cheddar cheese"", ""image_url"": ""cdn.jet.com/b3.jpg""}, {""item_id"": 104, ""name"": ""Bacon Burger"", ""price"": 11.7, ""description"": ""Beef patty with crispy bacon"", ""image_url"": ""cdn.jet.com/b4.jpg""}]}, {""category_name"": ""Sides"", ""items"": [{""item_id"": 201, ""name"": ""French Fries"", ""price"": 3.92, ""description"": ""Crispy golden fries"", ""image_url"": ""cdn.jet.com/s1.jpg""}, {""item_id"": 202, ""name"": ""Onion Rings"", ""price"": 4.4, ""description"": null, ""image_url"": null}]}]}"
5002-001,5002,2024-01-29 00:00:00,"{""categories"": [{""category_name"": ""Pasta"", ""items"": [{""item_id"": 301, ""name"": ""Spaghetti Carbonara"", ""price"": 14.1, ""description"": ""Creamy pasta with bacon"", ""image_url"": ""cdn.jet.com/p1.jpg""}, {""item_id"": 302, ""name"": ""Penne Arrabbiata"", ""price"": 12.15, ""description"": ""Spicy tomato sauce"", ""image_url"": ""cdn.jet.com/p2.jpg""}, {""item_id"": 303, ""name"": ""Lasagna"", ""price"": 14.77, ""description"": ""Layered pasta with meat sauce"", ""image_url"": ""cdn.jet.com/p3.jpg""}]}, {""category_name"": ""Pizza"", ""items"": [{""item_id"": 401, ""name"": ""Margherita Pizza"", ""price"": 11.24, ""description"": ""Tomato, mozzarella, basil"", ""image_url"": ""cdn.jet.com/pz1.jpg""}, {""item_id"": 402, ""name"": ""Pepperoni Pizza"", ""price"": 13.04, ""description"": ""Classic pepperoni pizza"", ""image_url"": ""cdn.jet.com/pz2.jpg""}]}, {""category_name"": ""Sides"", ""items"": [{""item_id"": 501, ""name"": ""Garlic Bread"", ""price"": 4.73, ""description"": ""Toasted bread with garlic butter"", ""image_url"": ""cdn.jet.com/gb1.jpg""}]}]}"
5002-002,5002,2024-04-03 00:00:00,"{""categories"": [{""category_name"": ""Pasta"", ""items"": [{""item_id"": 301, ""name"": ""Spaghetti Carbonara"", ""price"": 14.2, ""description"": ""Creamy pasta with bacon"", ""image_url"": ""cdn.jet.com/p1.jpg""}, {""item_id"": 302, ""name"": ""Penne Arrabbiata"", ""price"": 11.69, ""description"": ""Spicy tomato sauce"", ""image_url"": ""cdn.jet.com/p2.jpg""}, {""item_id"": 303, ""name"": ""Lasagna"", ""price"": 14.78, ""description"": ""Layered pasta with meat sauce"", ""image_url"": ""cdn.jet.com/p3.jpg""}]}, {""category_name"": ""Pizza"", ""items"": [{""item_id"": 401, ""name"": ""Margherita Pizza"", ""price"": 11.11, ""description"": ""Tomato, mozzarella, basil"", ""image_url"": ""cdn.jet.com/pz1.jpg""}, {""item_id"": 402, ""name"": ""Pepperoni Pizza"", ""price"": 12.9, ""description"": ""Classic pepperoni pizza"", ""image_url"": ""cdn.jet.com/pz2.jpg""}]}, {""category_name"": ""Sides"", ""items"": [{""item_id"": 501, ""name"": ""Garlic Bread"", ""price"": 4.74, ""description"": ""Toasted bread with garlic butter"", ""image_url"": ""cdn.jet.com/gb1.jpg""}]}]}"
5002-003,5002,2024-06-02 00:00:00,"{""categories"": [{""category_name"": ""Pasta"", ""items"": [{""item_id"": 301, ""name"": ""Spaghetti Carbonara"", ""price"": 14.11, ""description"": ""Creamy pasta with bacon"", ""image_url"": ""cdn.jet.com/p1.jpg""}, {""item_id"": 302, ""name"": ""Penne Arrabbiata"", ""price"": 12.05, ""description"": ""Spicy tomato sauce"", ""image_url"": ""cdn.jet.com/p2.jpg""}, {""item_id"": 303, ""name"": ""Lasagna"", ""price"": 14.98, ""description"": ""Layered pasta with meat sauce"", ""image_url"": ""cdn.jet.com/p3.jpg""}]}, {""category_name"": ""Pizza"", ""items"": [{""item_id"": 401, ""name"": ""Margherita Pizza"", ""price"": 11.22, ""description"": ""Tomato, mozzarella, basil"", ""image_url"": ""cdn.jet.com/pz1.jpg""}, {""item_id"": 402, ""name"": ""Pepperoni Pizza"", ""price"": 13.09, ""description"": ""Classic pepperoni pizza"", ""image_url"": ""cdn.jet.com/pz2.jpg""}]}, {""category_name"": ""Sides"", ""items"": [{""item_id"": 501, ""name"": ""Garlic Bread"", ""price"": 4.94, ""description"": ""Toasted bread with garlic butter"", ""image_url"": ""cdn.jet.com/gb1.jpg""}]}]}"
5002-004,5002,2024-08-02 00:00:00,"{""categories"": [{""category_name"": ""Pasta"", ""items"": [{""item_id"": 301, ""name"": ""Spaghetti Carbonara"", ""price"": 13.87, ""description"": ""Creamy pasta with bacon"", ""image_url"": ""cdn.jet.com/p1.jpg""}, {""item_id"": 302, ""name"": ""Penne Arrabbiata"", ""price"": 11.77, ""description"": ""Spicy tomato sauce"", ""image_url"": ""cdn.jet.com/p2.jpg""}]}, {""category_name"": ""Pizza"", ""items"": [{""item_id"": 401, ""name"": ""Margherita Pizza"", ""price"": 11.09, ""description"": ""Tomato, mozzarella, basil"", ""image_url"": ""cdn.jet.com/pz1.jpg""}, {""item_id"": 402, ""name"": ""Pepperoni Pizza"", ""price"": 12.84, ""description"": ""Classic pepperoni pizza"", ""image_url"": ""cdn.jet.com/pz2.jpg""}]}, {""category_name"": ""Sides"", ""items"": [{""item_id"": 501, ""name"": ""Garlic Bread"", ""price"": 4.75, ""description"": ""Toasted bread with garlic butter"", ""image_url"": ""cdn.jet.com/gb1.jpg""}]}]}"
5002-005,5002,2024-09-12 00:00:00,"{""categories"": [{""category_name"": ""Pasta"", ""items"": [{""item_id"": 301, ""name"": ""Spaghetti Carbonara"", ""price"": 14.16, ""description"": ""Creamy pasta with bacon"", ""image_url"": ""cdn.jet.com/p1.jpg""}, {""item_id"": 302, ""name"": ""Penne Arrabbiata"", ""price"": 11.8, ""description"": ""Spicy tomato sauce"", ""image_url"": ""cdn.jet.com/p2.jpg""}, {""item_id"": 303, ""name"": ""Lasagna"", ""price"": 15.2, ""description"": ""Layered pasta with meat sauce"", ""image_url"": ""cdn.jet.com/p3.jpg""}]}, {""category_name"": ""Pizza"", ""items"": [{""item_id"": 401, ""name"": ""Margherita Pizza"", ""price"": 10.88, ""description"": ""Tomato, mozzarella, basil"", ""image_url"": ""cdn.jet.com/pz1.jpg""}, {""item_id"": 402, ""name"": ""Pepperoni Pizza"", ""price"": 13.14, ""description"": ""Classic pepperoni pizza"", ""image_url"": ""cdn.jet.com/pz2.jpg""}]}, {""category_name"": ""Sides"", ""items"": [{""item_id"": 501, ""name"": ""Garlic Bread"", ""price"": 5.22, ""description"": ""Toasted bread with garlic butter"", ""image_url"": ""cdn.jet.com/gb1.jpg""}]}]}"
5002-006,5002,2024-10-18 00:00:00,"{""categories"": [{""category_name"": ""Pasta"", ""items"": [{""item_id"": 301, ""name"": ""Spaghetti Carbonara"", ""price"": 14.25, ""description"": ""Creamy pasta with bacon"", ""image_url"": ""cdn.jet.com/p1.jpg""}, {""item_id"": 302, ""name"": ""Penne Arrabbiata"", ""price"": 12.02, ""description"": ""Spicy tomato sauce"", ""image_url"": ""cdn.jet.com/p2.jpg""}, {""item_id"": 303, ""name"": ""Lasagna"", ""price"": 15.25, ""description"": ""Layered pasta with meat sauce"", ""image_url"": ""cdn.jet.com/p3.jpg""}]}, {""category_name"": ""Pizza"", ""items"": [{""item_id"": 401, ""name"": ""Margherita Pizza"", ""price"": 11.12, ""description"": ""Tomato, mozzarella, basil"", ""image_url"": ""cdn.jet.com/pz1.jpg""}, {""item_id"": 402, ""name"": ""Pepperoni Pizza"", ""price"": 13.07, ""description"": ""Classic pepperoni pizza"", ""image_url"": ""cdn.jet.com/pz2.jpg""}]}, {""category_name"": ""Sides"", ""items"": [{""item_id"": 501, ""name"": ""Garlic Bread"", ""price"": 4.76, ""description"": ""Toasted bread with garlic butter"", ""image_url"": ""cdn.jet.com/gb1.jpg""}]}]}"
5003-001,5003,2024-02-12 00:00:00,"{""categories"": [{""category_name"": ""Rolls"", ""items"": [{""item_id"": 601, ""name"": ""California Roll"", ""price"": 9.26, ""description"": ""Crab, avocado, cucumber"", ""image_url"": ""cdn.jet.com/r1.jpg""}, {""item_id"": 602, ""name"": ""Spicy Tuna Roll"", ""price"": 9.82, ""description"": ""Tuna with spicy mayo"", ""image_url"": ""cdn.jet.com/r2.jpg""}, {""item_id"": 603, ""name"": ""Dragon Roll"", ""price"": 14.07, ""description"": ""Eel and avocado"", ""image_url"": ""cdn.jet.com/r3.jpg""}]}, {""category_name"": ""Nigiri"", ""items"": [{""item_id"": 701, ""name"": ""Salmon Nigiri"", ""price"": 6.24, ""description"": ""Fresh salmon on rice"", ""image_url"": ""cdn.jet.com/n1.jpg""}, {""item_id"": 702, ""name"": ""Tuna Nigiri"", ""price"": 7.26, ""description"": null, ""image_url"": ""cdn.jet.com/n2.jpg""}]}]}"
5003-002,5003,2024-03-23 00:00:00,"{""categories"": [{""category_name"": ""Rolls"", ""items"": [{""item_id"": 601, ""name"": ""California Roll"", ""price"": 8.83, ""description"": ""Crab, avocado, cucumber"", ""image_url"": ""cdn.jet.com/r1.jpg""}, {""item_id"": 602, ""name"": ""Spicy Tuna Roll"", ""price"": 10.04, ""description"": ""Tuna with spicy mayo"", ""image_url"": ""cdn.jet.com/r2.jpg""}, {""item_id"": 603, ""name"": ""Dragon Roll"", ""price"": 14.13, ""description"": ""Eel and avocado"", ""image_url"": ""cdn.jet.com/r3.jpg""}]}, {""category_name"": ""Nigiri"", ""items"": [{""item_id"": 701, ""name"": ""Salmon Nigiri"", ""price"": 5.79, ""description"": ""Fresh salmon on rice"", ""image_url"": ""cdn.jet.com/n1.jpg""}, {""item_id"": 702, ""name"": ""Tuna Nigiri"", ""price"": 6.77, ""description"": null, ""image_url"": ""cdn.jet.com/n2.jpg""}]}]}"
5003-003,5003,2024-04-30 00:00:00,"{""categories"": [{""category_name"": ""Rolls"", ""items"": [{""item_id"": 601, ""name"": ""California Roll"", ""price"": 9.05, ""description"": ""Crab, avocado, cucumber"", ""image_url"": ""cdn.jet.com/r1.jpg""}, {""item_id"": 602, ""name"": ""Spicy Tuna Roll"", ""price"": 10.18, ""description"": ""Tuna with spicy mayo"", ""image_url"": ""cdn.jet.com/r2.jpg""}, {""item_id"": 603, ""name"": ""Dragon Roll"", ""price"": 14.05, ""description"": ""Eel and avocado"", ""image_url"": ""cdn.jet.com/r3.jpg""}]}, {""category_name"": ""Nigiri"", ""items"": [{""item_id"": 701, ""name"": ""Salmon Nigiri"", ""price"": 5.71, ""description"": ""Fresh salmon on rice"", ""image_url"": ""cdn.jet.com/n1.jpg""}, {""item_id"": 702, ""name"": ""Tuna Nigiri"", ""price"": 6.75, ""description"": null, ""image_url"": ""cdn.jet.com/n2.jpg""}]}]}"
5004-001,5004,2024-02-22 00:00:00,"{""categories"": [{""category_name"": ""Pizza"", ""items"": [{""item_id"": 801, ""name"": ""Margherita"", ""price"": 11.69, ""description"": ""Classic tomato and mozzarella"", ""image_url"": ""cdn.jet.com/pz1.jpg""}, {""item_id"": 802, ""name"": ""Pepperoni"", ""price"": 13.86, ""description"": ""Loaded with pepperoni"", ""image_url"": ""cdn.jet.com/pz2.jpg""}, {""item_id"": 803, ""name"": ""Four Cheese"", ""price"": 14.8, ""description"": ""Four types of cheese"", ""image_url"": ""cdn.jet.com/pz3.jpg""}, {""item_id"": 804, ""name"": ""Hawaiian"", ""price"": 13.75, ""description"": ""Ham and pineapple"", ""image_url"": ""cdn.jet.com/pz4.jpg""}]}, {""category_name"": ""Sides"", ""items"": [{""item_id"": 901, ""name"": ""Buffalo Wings"", ""price"": 8.2, ""description"": ""Spicy chicken wings"", ""image_url"": ""cdn.jet.com/w1.jpg""}]}]}"
5004-002,5004,2024-04-18 00:00:00,"{""categories"": [{""category_name"": ""Pizza"", ""items"": [{""item_id"": 801, ""name"": ""Margherita"", ""price"": 12.06, ""description"": ""Classic tomato and mozzarella"", ""image_url"": ""cdn.jet.com/pz1.jpg""}, {""item_id"": 802, ""name"": ""Pepperoni"", ""price"": 13.82, ""description"": ""Loaded with pepperoni"", ""image_url"": ""cdn.jet.com/pz2.jpg""}, {""item_id"": 803, ""name"": ""Four Cheese"", ""price"": 14.81, ""description"": ""Four types of cheese"", ""image_url"": ""cdn.jet.com/pz3.jpg""}, {""item_id"": 804, ""name"": ""Hawaiian"", ""price"": 13.8, ""description"": ""Ham and pineapple"", ""image_url"": ""cdn.jet.com/pz4.jpg""}]}, {""category_name"": ""Sides"", ""items"": [{""item_id"": 901, ""name"": ""Buffalo Wings"", ""price"": 7.8, ""description"": ""Spicy chicken wings"", ""image_url"": ""cdn.jet.com/w1.jpg""}]}]}"
5004-003,5004,2024-06-02 00:00:00,"{""categories"": [{""category_name"": ""Pizza"", ""items"": [{""item_id"": 801, ""name"": ""Margherita"", ""price"": 11.96, ""description"": ""Classic tomato and mozzarella"", ""image_url"": ""cdn.jet.com/pz1.jpg""}, {""item_id"": 802, ""name"": ""Pepperoni"", ""price"": 13.95, ""description"": ""Loaded with pepperoni"", ""image_url"": ""cdn.jet.com/pz2.jpg""}, {""item_id"": 803, ""name"": ""Four Cheese"", ""price"": 15.12, ""description"": ""Four types of cheese"", ""image_url"": ""cdn.jet.com/pz3.jpg""}, {""item_id"": 804, ""name"": ""Hawaiian"", ""price"": 14.18, ""description"": ""Ham and pineapple"", ""image_url"": ""cdn.jet.com/pz4.jpg""}]}, {""category_name"": ""Sides"", ""items"": [{""item_id"": 901, ""name"": ""Buffalo Wings"", ""price"": 7.93, ""description"": ""Spicy chicken wings"", ""image_url"": ""cdn.jet.com/w1.jpg""}]}]}"
5004-004,5004,2024-08-03 00:00:00,"{""categories"": [{""category_name"": ""Pizza"", ""items"": [{""item_id"": 801, ""name"": ""Margherita"", ""price"": 11.94, ""description"": ""Classic tomato and mozzarella"", ""image_url"": ""cdn.jet.com/pz1.jpg""}, {""item_id"": 802, ""name"": ""Pepperoni"", ""price"": 14.11, ""description"": ""Loaded with pepperoni"", ""image_url"": ""cdn.jet.com/pz2.jpg""}, {""item_id"": 803, ""name"": ""Four Cheese"", ""price"": 15.22, ""description"": ""Four types of cheese"", ""image_url"": ""cdn.jet.com/pz3.jpg""}, {""item_id"": 804, ""name"": ""Hawaiian"", ""price"": 13.79, ""description"": ""Ham and pineapple"", ""image_url"": ""cdn.jet.com/pz4.jpg""}]}, {""category_name"": ""Sides"", ""items"": [{""item_id"": 901, ""name"": ""Buffalo Wings"", ""price"": 7.93, ""description"": ""Spicy chicken wings"", ""image_url"": ""cdn.jet.com/w1.jpg""}]}]}"
5004-005,5004,2024-10-01 00:00:00,"{""categories"": [{""category_name"": ""Pizza"", ""items"": [{""item_id"": 801, ""name"": ""Margherita"", ""price"": 11.96, ""description"": ""Classic tomato and mozzarella"", ""image_url"": ""cdn.jet.com/pz1.jpg""}, {""item_id"": 802, ""name"": ""Pepperoni"", ""price"": 13.7, ""description"": ""Loaded with pepperoni"", ""image_url"": ""cdn.jet.com/pz2.jpg""}, {""item_id"": 803, ""name"": ""Four Cheese"", ""price"": 14.89, ""description"": ""Four types of cheese"", ""image_url"": ""cdn.jet.com/pz3.jpg""}]}, {""category_name"": ""Sides"", ""items"": [{""item_id"": 901, ""name"": ""Buffalo Wings"", ""price"": 7.69, ""description"": ""Spicy chicken wings"", ""image_url"": ""cdn.jet.com/w1.jpg""}]}]}"
5004-006,5004,2024-11-12 00:00:00,"{""categories"": [{""category_name"": ""Pizza"", ""items"": [{""item_id"": 801, ""name"": ""Margherita"", ""price"": 11.94, ""description"": ""Classic tomato and mozzarella"", ""image_url"": ""cdn.jet.com/pz1.jpg""}, {""item_id"": 802, ""name"": ""Pepperoni"", ""price"": 14.28, ""description"": ""Loaded with pepperoni"", ""image_url"": ""cdn.jet.com/pz2.jpg""}, {""item_id"": 803, ""name"": ""Four Cheese"", ""price"": 14.82, ""description"": ""Four types of cheese"", ""image_url"": ""cdn.jet.com/pz3.jpg""}, {""item_id"": 804, ""name"": ""Hawaiian"", ""price"": 13.97, ""description"": ""Ham and pineapple"", ""image_url"": ""cdn.jet.com/pz4.jpg""}]}, {""category_name"": ""Sides"", ""items"": [{""item_id"": 901, ""name"": ""Buffalo Wings"", ""price"": 7.99, ""description"": ""Spicy chicken wings"", ""image_url"": ""cdn.jet.com/w1.jpg""}]}]}"
5005-001,5005,2024-03-12 00:00:00,"{""categories"": [{""category_name"": ""Main Dishes"", ""items"": [{""item_id"": 1001, ""name"": ""French Special 1"", ""price"": 12.89, ""description"": ""House specialty"", ""image_url"": ""cdn.jet.com/d1.jpg""}, {""item_id"": 1002, ""name"": ""French Special 2"", ""price"": 15.0, ""description"": ""Chef recommendation"", ""image_url"": ""cdn.jet.com/d2.jpg""}, {""item_id"": 1003, ""name"": ""French Special 3"", ""price"": 14.02, ""description"": ""Customer favorite"", ""image_url"": ""cdn.jet.com/d3.jpg""}]}, {""category_name"": ""Sides"", ""items"": [{""item_id"": 2001, ""name"": ""Side Dish 1"", ""price"": 5.23, ""description"": ""Perfect accompaniment"", ""image_url"": ""cdn.jet.com/sd1.jpg""}, {""item_id"": 2002, ""name"": ""Side Dish 2"", ""price"": 4.22, ""description"": null, ""image_url"": null}]}]}"
5005-002,5005,2024-05-07 00:00:00,"{""categories"": [{""category_name"": ""Main Dishes"", ""items"": [{""item_id"": 1001, ""name"": ""French Special 1"", ""price"": 13.13, ""description"": ""House specialty"", ""image_url"": ""cdn.jet.com/d1.jpg""}, {""item_id"": 1002, ""name"": ""French Special 2"", ""price"": 14.83, ""description"": ""Chef recommendation"", ""image_url"": ""cdn.jet.com/d2.jpg""}, {""item_id"": 1003, ""name"": ""French Special 3"", ""price"": 14.27, ""description"": ""Customer favorite"", ""image_url"": ""cdn.jet.com/d3.jpg""}]}, {""category_name"": ""Sides"", ""items"": [{""item_id"": 2001, ""name"": ""Side Dish 1"", ""price"": 5.19, ""description"": ""Perfect accompaniment"", ""image_url"": ""cdn.jet.com/sd1.jpg""}, {""item_id"": 2002, ""name"": ""Side Dish 2"", ""price"": 4.2, ""description"": null, ""image_url"": null}]}]}"
5005-003,5005,2024-06-13 00:00:00,"{""categories"": [{""category_name"": ""Main Dishes"", ""items"": [{""item_id"": 1001, ""name"": ""French Special 1"", ""price"": 12.77, ""description"": ""House specialty"", ""image_url"": ""cdn.jet.com/d1.jpg""}, {""item_id"": 1002, ""name"": ""French Special 2"", ""price"": 14.71, ""description"": ""Chef recommendation"", ""image_url"": ""cdn.jet.com/d2.jpg""}, {""item_id"": 1003, ""name"": ""French Special 3"", ""price"": 13.89, ""description"": ""Customer favorite"", ""image_url"": ""cdn.jet.com/d3.jpg""}]}, {""category_name"": ""Sides"", ""items"": [{""item_id"": 2001, ""name"": ""Side Dish 1"", ""price"": 5.26, ""description"": ""Perfect accompaniment"", ""image_url"": ""cdn.jet.com/sd1.jpg""}, {""item_id"": 2002, ""name"": ""Side Dish 2"", ""price"": 3.84, ""description"": null, ""image_url"": null}]}]}"
5005-004,5005,2024-07-23 00:00:00,"{""categories"": [{""category_name"": ""Main Dishes"", ""items"": [{""item_id"": 1001, ""name"": ""French Special 1"", ""price"": 12.97, ""description"": ""House specialty"", ""image_url"": ""cdn.jet.com/d1.jpg""}, {""item_id"": 1002, ""name"": ""French Special 2"", ""price"": 14.95, ""description"": ""Chef recommendation"", ""image_url"": ""cdn.jet.com/d2.jpg""}, {""item_id"": 1003, ""name"": ""French Special 3"", ""price"": 13.99, ""description"": ""Customer favorite"", ""image_url"": ""cdn.jet.com/d3.jpg""}]}, {""category_name"": ""Sides"", ""items"": [{""item_id"": 2001, ""name"": ""Side Dish 1"", ""price"": 4.89, ""description"": ""Perfect accompaniment"", ""image_url"": ""cdn.jet.com/sd1.jpg""}, {""item_id"": 2002, ""name"": ""Side Dish 2"", ""price"": 3.71, ""description"": null, ""image_url"": null}]}]}"
5005-005,5005,2024-08-30 00:00:00,"{""categories"": [{""category_name"": ""Main Dishes"", ""items"": [{""item_id"": 1001, ""name"": ""French Special 1"", ""price"": 12.95, ""description"": ""House specialty"", ""image_url"": ""cdn.jet.com/d1.jpg""}, {""item_id"": 1002, ""name"": ""French Special 2"", ""price"": 15.26, ""description"": ""Chef recommendation"", ""image_url"": ""cdn.jet.com/d2.jpg""}]}, {""category_name"": ""Sides"", ""items"": [{""item_id"": 2001, ""name"": ""Side Dish 1"", ""price"": 4.99, ""description"": ""Perfect accompaniment"", ""image_url"": ""cdn.jet.com/sd1.jpg""}, {""item_id"": 2002, ""name"": ""Side Dish 2"", ""price"": 3.75, ""description"": null, ""image_url"": null}]}]}"
5006-001,5006,2024-03-29 00:00:00,"{""categories"": [{""category_name"": ""Main Dishes"", ""items"": [{""item_id"": 1001, ""name"": ""Asian Special 1"", ""price"": 13.23, ""description"": ""House specialty"", ""image_url"": ""cdn.jet.com/d1.jpg""}, {""item_id"": 1002, ""name"": ""Asian Special 2"", ""price"": 15.18, ""description"": ""Chef recommendation"", ""image_url"": ""cdn.jet.com/d2.jpg""}, {""item_id"": 1003, ""name"": ""Asian Special 3"", ""price"": 14.22, ""description"": ""Customer favorite"", ""image_url"": ""cdn.jet.com/d3.jpg""}]}, {""category_name"": ""Sides"", ""items"": [{""item_id"": 2001, ""name"": ""Side Dish 1"", ""price"": 4.85, ""description"": ""Perfect accompaniment"", ""image_url"": ""cdn.jet.com/sd1.jpg""}, {""item_id"": 2002, ""name"": ""Side Dish 2"", ""price"": 3.76, ""description"": null, ""image_url"": null}]}]}"
5006-002,5006,2024-05-20 00:00:00,"{""categories"": [{""category_name"": ""Main Dishes"", ""items"": [{""item_id"": 1001, ""name"": ""Asian Special 1"", ""price"": 13.21, ""description"": ""House specialty"", ""image_url"": ""cdn.jet.com/d1.jpg""}, {""item_id"": 1002, ""name"": ""Asian Special 2"", ""price"": 14.77, ""description"": ""Chef recommendation"", ""image_url"": ""cdn.jet.com/d2.jpg""}, {""item_id"": 1003, ""name"": ""Asian Special 3"", ""price"": 14.03, ""description"": ""Customer favorite"", ""image_url"": ""cdn.jet.com/d3.jpg""}]}, {""category_name"": ""Sides"", ""items"": [{""item_id"": 2001, ""name"": ""Side Dish 1"", ""price"": 4.75, ""description"": ""Perfect accompaniment"", ""image_url"": ""cdn.jet.com/sd1.jpg""}, {""item_id"": 2002, ""name"": ""Side Dish 2"", ""price"": 3.75, ""description"": null, ""image_url"": null}]}]}"
5006-003,5006,2024-07-13 00:00:00,"{""categories"": [{""category_name"": ""Main Dishes"", ""items"": [{""item_id"": 1001, ""name"": ""Asian Special 1"", ""price"": 12.85, ""description"": ""House specialty"", ""image_url"": ""cdn.jet.com/d1.jpg""}, {""item_id"": 1002, ""name"": ""Asian Special 2"", ""price"": 15.03, ""description"": ""Chef recommendation"", ""image_url"": ""cdn.jet.com/d2.jpg""}, {""item_id"": 1003, ""name"": ""Asian Special 3"", ""price"": 14.15, ""description"": ""Customer favorite"", ""image_url"": ""cdn.jet.com/d3.jpg""}]}, {""category_name"": ""Sides"", ""items"": [{""item_id"": 2001, ""name"": ""Side Dish 1"", ""price"": 5.25, ""description"": ""Perfect accompaniment"", ""image_url"": ""cdn.jet.com/sd1.jpg""}, {""item_id"": 2002, ""name"": ""Side Dish 2"", ""price"": 4.0, ""description"": null, ""image_url"": null}]}]}"
5006-004,5006,2024-08-23 00:00:00,"{""categories"": [{""category_name"": ""Main Dishes"", ""items"": [{""item_id"": 1001, ""name"": ""Asian Special 1"", ""price"": 13.03, ""description"": ""House specialty"", ""image_url"": ""cdn.jet.com/d1.jpg""}, {""item_id"": 1002, ""name"": ""Asian Special 2"", ""price"": 14.96, ""description"": ""Chef recommendation"", ""image_url"": ""cdn.jet.com/d2.jpg""}, {""item_id"": 1003, ""name"": ""Asian Special 3"", ""price"": 14.16, ""description"": ""Customer favorite"", ""image_url"": ""cdn.jet.com/d3.jpg""}]}, {""category_name"": ""Sides"", ""items"": [{""item_id"": 2001, ""name"": ""Side Dish 1"", ""price"": 5.19, ""description"": ""Perfect accompaniment"", ""image_url"": ""cdn.jet.com/sd1.jpg""}, {""item_id"": 2002, ""name"": ""Side Dish 2"", ""price"": 4.24, ""description"": null, ""image_url"": null}]}]}"
5006-005,5006,2024-10-14 00:00:00,"{""categories"": [{""category_name"": ""Main Dishes"", ""items"": [{""item_id"": 1001, ""name"": ""Asian Special 1"", ""price"": 12.87, ""description"": ""House specialty"", ""image_url"": ""cdn.jet.com/d1.jpg""}, {""item_id"": 1002, ""name"": ""Asian Special 2"", ""price"": 15.18, ""description"": ""Chef recommendation"", ""image_url"": ""cdn.jet.com/d2.jpg""}, {""item_id"": 1003, ""name"": ""Asian Special 3"", ""price"": 14.04, ""description"": ""Customer favorite"", ""image_url"": ""cdn.jet.com/d3.jpg""}]}, {""category_name"": ""Sides"", ""items"": [{""item_id"": 2001, ""name"": ""Side Dish 1"", ""price"": 4.96, ""description"": ""Perfect accompaniment"", ""image_url"": ""cdn.jet.com/sd1.jpg""}, {""item_id"": 2002, ""name"": ""Side Dish 2"", ""price"": 3.76, ""description"": null, ""image_url"": null}]}]}"
5007-001,5007,2024-04-03 00:00:00,"{""categories"": [{""category_name"": ""Main Dishes"", ""items"": [{""item_id"": 1001, ""name"": ""Mexican Special 1"", ""price"": 12.88, ""description"": ""House specialty"", ""image_url"": ""cdn.jet.com/d1.jpg""}, {""item_id"": 1002, ""name"": ""Mexican Special 2"", ""price"": 15.0, ""description"": ""Chef recommendation"", ""image_url"": ""cdn.jet.com/d2.jpg""}, {""item_id"": 1003, ""name"": ""Mexican Special 3"", ""price"": 13.83, ""description"": ""Customer favorite"", ""image_url"": ""cdn.jet.com/d3.jpg""}]}, {""category_name"": ""Sides"", ""items"": [{""item_id"": 2001, ""name"": ""Side Dish 1"", ""price"": 5.16, ""description"": ""Perfect accompaniment"", ""image_url"": ""cdn.jet.com/sd1.jpg""}, {""item_id"": 2002, ""name"": ""Side Dish 2"", ""price"": 3.9, ""description"": null, ""image_url"": null}]}]}"
5007-002,5007,2024-05-21 00:00:00,"{""categories"": [{""category_name"": ""Main Dishes"", ""items"": [{""item_id"": 1001, ""name"": ""Mexican Special 1"", ""price"": 13.16, ""description"": ""House specialty"", ""image_url"": ""cdn.jet.com/d1.jpg""}, {""item_id"": 1002, ""name"": ""Mexican Special 2"", ""price"": 15.03, ""description"": ""Chef recommendation"", ""image_url"": ""cdn.jet.com/d2.jpg""}, {""item_id"": 1003, ""name"": ""Mexican Special 3"", ""price"": 13.86, ""description"": ""Customer favorite"", ""image_url"": ""cdn.jet.com/d3.jpg""}]}, {""category_name"": ""Sides"", ""items"": [{""item_id"": 2001, ""name"": ""Side Dish 1"", ""price"": 5.1, ""description"": ""Perfect accompaniment"", ""image_url"": ""cdn.jet.com/sd1.jpg""}, {""item_id"": 2002, ""name"": ""Side Dish 2"", ""price"": 4.24, ""description"": null, ""image_url"": null}]}]}"
5007-003,5007,2024-07-09 00:00:00,"{""categories"": [{""category_name"": ""Main Dishes"", ""items"": [{""item_id"": 1001, ""name"": ""Mexican Special 1"", ""price"": 12.72, ""description"": ""House specialty"", ""image_url"": ""cdn.jet.com/d1.jpg""}, {""item_id"": 1002, ""name"": ""Mexican Special 2"", ""price"": 14.92, ""description"": ""Chef recommendation"", ""image_url"": ""cdn.jet.com/d2.jpg""}, {""item_id"": 1003, ""name"": ""Mexican Special 3"", ""price"": 14.08, ""description"": ""Customer favorite"", ""image_url"": ""cdn.jet.com/d3.jpg""}]}, {""category_name"": ""Sides"", ""items"": [{""item_id"": 2001, ""name"": ""Side Dish 1"", ""price"": 4.85, ""description"": ""Perfect accompaniment"", ""image_url"": ""cdn.jet.com/sd1.jpg""}, {""item_id"": 2002, ""name"": ""Side Dish 2"", ""price"": 4.0, ""description"": null, ""image_url"": null}]}]}"
5007-004,5007,2024-09-02 00:00:00,"{""categories"": [{""category_name"": ""Main Dishes"", ""items"": [{""item_id"": 1001, ""name"": ""Mexican Special 1"", ""price"": 13.1, ""description"": ""House specialty"", ""image_url"": ""cdn.jet.com/d1.jpg""}, {""item_id"": 1002, ""name"": ""Mexican Special 2"", ""price"": 15.17, ""description"": ""Chef recommendation"", ""image_url"": ""cdn.jet.com/d2.jpg""}, {""item_id"": 1003, ""name"": ""Mexican Special 3"", ""price"": 13.77, ""description"": ""Customer favorite"", ""image_url"": ""cdn.jet.com/d3.jpg""}]}, {""category_name"": ""Sides"", ""items"": [{""item_id"": 2001, ""name"": ""Side Dish 1"", ""price"": 4.75, ""description"": ""Perfect accompaniment"", ""image_url"": ""cdn.jet.com/sd1.jpg""}, {""item_id"": 2002, ""name"": ""Side Dish 2"", ""price"": 3.82, ""description"": null, ""image_url"": null}]}]}"
5007-005,5007,2024-10-26 00:00:00,"{""categories"": [{""category_name"": ""Main Dishes"", ""items"": [{""item_id"": 1001, ""name"": ""Mexican Special 1"", ""price"": 12.84, ""description"": ""House specialty"", ""image_url"": ""cdn.jet.com/d1.jpg""}, {""item_id"": 1002, ""name"": ""Mexican Special 2"", ""price"": 15.0, ""description"": ""Chef recommendation"", ""image_url"": ""cdn.jet.com/d2.jpg""}, {""item_id"": 1003, ""name"": ""Mexican Special 3"", ""price"": 14.13, ""description"": ""Customer favorite"", ""image_url"": ""cdn.jet.com/d3.jpg""}]}, {""category_name"": ""Sides"", ""items"": [{""item_id"": 2001, ""name"": ""Side Dish 1"", ""price"": 5.26, ""description"": ""Perfect accompaniment"", ""image_url"": ""cdn.jet.com/sd1.jpg""}, {""item_id"": 2002, ""name"": ""Side Dish 2"", ""price"": 4.27, ""description"": null, ""image_url"": null}]}]}"
5007-006,5007,2024-12-29 00:00:00,"{""categories"": [{""category_name"": ""Main Dishes"", ""items"": [{""item_id"": 1001, ""name"": ""Mexican Special 1"", ""price"": 13.17, ""description"": ""House specialty"", ""image_url"": ""cdn.jet.com/d1.jpg""}, {""item_id"": 1002, ""name"": ""Mexican Special 2"", ""price"": 15.27, ""description"": ""Chef recommendation"", ""image_url"": ""cdn.jet.com/d2.jpg""}, {""item_id"": 1003, ""name"": ""Mexican Special 3"", ""price"": 14.05, ""description"": ""Customer favorite"", ""image_url"": ""cdn.jet.com/d3.jpg""}]}, {""category_name"": ""Sides"", ""items"": [{""item_id"": 2001, ""name"": ""Side Dish 1"", ""price"": 4.92, ""description"": ""Perfect accompaniment"", ""image_url"": ""cdn.jet.com/sd1.jpg""}, {""item_id"": 2002, ""name"": ""Side Dish 2"", ""price"": 3.73, ""description"": null, ""image_url"": null}]}]}"
5008-001,5008,2024-04-14 00:00:00,"{""categories"": [{""category_name"": ""Main Dishes"", ""items"": [{""item_id"": 1001, ""name"": ""Indian Special 1"", ""price"": 12.94, ""description"": ""House specialty"", ""image_url"": ""cdn.jet.com/d1.jpg""}, {""item_id"": 1002, ""name"": ""Indian Special 2"", ""price"": 14.88, ""description"": ""Chef recommendation"", ""image_url"": ""cdn.jet.com/d2.jpg""}, {""item_id"": 1003, ""name"": ""Indian Special 3"", ""price"": 14.29, ""description"": ""Customer favorite"", ""image_url"": ""cdn.jet.com/d3.jpg""}]}, {""category_name"": ""Sides"", ""items"": [{""item_id"": 2001, ""name"": ""Side Dish 1"", ""price"": 5.26, ""description"": ""Perfect accompaniment"", ""image_url"": ""cdn.jet.com/sd1.jpg""}, {""item_id"": 2002, ""name"": ""Side Dish 2"", ""price"": 3.74, ""description"": null, ""image_url"": null}]}]}"
5008-002,5008,2024-06-06 00:00:00,"{""categories"": [{""category_name"": ""Main Dishes"", ""items"": [{""item_id"": 1001, ""name"": ""Indian Special 1"", ""price"": 12.84, ""description"": ""House specialty"", ""image_url"": ""cdn.jet.com/d1.jpg""}, {""item_id"": 1002, ""name"": ""Indian Special 2"", ""price"": 15.17, ""description"": ""Chef recommendation"", ""image_url"": ""cdn.jet.com/d2.jpg""}, {""item_id"": 1003, ""name"": ""Indian Special 3"", ""price"": 14.15, ""description"": ""Customer favorite"", ""image_url"": ""cdn.jet.com/d3.jpg""}]}, {""category_name"": ""Sides"", ""items"": [{""item_id"": 2001, ""name"": ""Side Dish 1"", ""price"": 5.09, ""description"": ""Perfect accompaniment"", ""image_url"": ""cdn.jet.com/sd1.jpg""}, {""item_id"": 2002, ""name"": ""Side Dish 2"", ""price"": 4.0, ""description"": null, ""image_url"": null}]}]}"
5008-003,5008,2024-08-10 00:00:00,"{""categories"": [{""category_name"": ""Main Dishes"", ""items"": [{""item_id"": 1001, ""name"": ""Indian Special 1"", ""price"": 12.95, ""description"": ""House specialty"", ""image_url"": ""cdn.jet.com/d1.jpg""}, {""item_id"": 1002, ""name"": ""Indian Special 2"", ""price"": 14.81, ""description"": ""Chef recommendation"", ""image_url"": ""cdn.jet.com/d2.jpg""}, {""item_id"": 1003, ""name"": ""Indian Special 3"", ""price"": 13.97, ""description"": ""Customer favorite"", ""image_url"": ""cdn.jet.com/d3.jpg""}]}, {""category_name"": ""Sides"", ""items"": [{""item_id"": 2001, ""name"": ""Side Dish 1"", ""price"": 4.85, ""description"": ""Perfect accompaniment"", ""image_url"": ""cdn.jet.com/sd1.jpg""}, {""item_id"": 2002, ""name"": ""Side Dish 2"", ""price"": 3.97, ""description"": null, ""image_url"": null}]}]}"
5008-004,5008,2024-09-17 00:00:00,"{""categories"": [{""category_name"": ""Main Dishes"", ""items"": [{""item_id"": 1001, ""name"": ""Indian Special 1"", ""price"": 12.77, ""description"": ""House specialty"", ""image_url"": ""cdn.jet.com/d1.jpg""}, {""item_id"": 1002, ""name"": ""Indian Special 2"", ""price"": 14.92, ""description"": ""Chef recommendation"", ""image_url"": ""cdn.jet.com/d2.jpg""}, {""item_id"": 1003, ""name"": ""Indian Special 3"", ""price"": 14.28, ""description"": ""Customer favorite"", ""image_url"": ""cdn.jet.com/d3.jpg""}]}, {""category_name"": ""Sides"", ""items"": [{""item_id"": 2001, ""name"": ""Side Dish 1"", ""price"": 5.19, ""description"": ""Perfect accompaniment"", ""image_url"": ""cdn.jet.com/sd1.jpg""}, {""item_id"": 2002, ""name"": ""Side Dish 2"", ""price"": 3.75, ""description"": null, ""image_url"": null}]}]}"
5008-005,5008,2024-11-15 00:00:00,"{""categories"": [{""category_name"": ""Main Dishes"", ""items"": [{""item_id"": 1001, ""name"": ""Indian Special 1"", ""price"": 12.79, ""description"": ""House specialty"", ""image_url"": ""cdn.jet.com/d1.jpg""}, {""item_id"": 1002, ""name"": ""Indian Special 2"", ""price"": 15.08, ""description"": ""Chef recommendation"", ""image_url"": ""cdn.jet.com/d2.jpg""}, {""item_id"": 1003, ""name"": ""Indian Special 3"", ""price"": 13.77, ""description"": ""Customer favorite"", ""image_url"": ""cdn.jet.com/d3.jpg""}]}, {""category_name"": ""Sides"", ""items"": [{""item_id"": 2001, ""name"": ""Side Dish 1"", ""price"": 5.11, ""description"": ""Perfect accompaniment"", ""image_url"": ""cdn.jet.com/sd1.jpg""}, {""item_id"": 2002, ""name"": ""Side Dish 2"", ""price"": 4.17, ""description"": null, ""image_url"": null}]}]}"
5009-001,5009,2024-04-21 00:00:00,"{""categories"": [{""category_name"": ""Main Dishes"", ""items"": [{""item_id"": 1001, ""name"": ""Thai Special 1"", ""price"": 13.28, ""description"": ""House specialty"", ""image_url"": ""cdn.jet.com/d1.jpg""}, {""item_id"": 1002, ""name"": ""Thai Special 2"", ""price"": 14.89, ""description"": ""Chef recommendation"", ""image_url"": ""cdn.jet.com/d2.jpg""}, {""item_id"": 1003, ""name"": ""Thai Special 3"", ""price"": 13.89, ""description"": ""Customer favorite"", ""image_url"": ""cdn.jet.com/d3.jpg""}]}, {""category_name"": ""Sides"", ""items"": [{""item_id"": 2001, ""name"": ""Side Dish 1"", ""price"": 5.11, ""description"": ""Perfect accompaniment"", ""image_url"": ""cdn.jet.com/sd1.jpg""}, {""item_id"": 2002, ""name"": ""Side Dish 2"", ""price"": 4.02, ""description"": null, ""image_url"": null}]}]}"
5009-002,5009,2024-06-19 00:00:00,"{""categories"": [{""category_name"": ""Main Dishes"", ""items"": [{""item_id"": 1001, ""name"": ""Thai Special 1"", ""price"": 12.83, ""description"": ""House specialty"", ""image_url"": ""cdn.jet.com/d1.jpg""}, {""item_id"": 1002, ""name"": ""Thai Special 2"", ""price"": 15.05, ""description"": ""Chef recommendation"", ""image_url"": ""cdn.jet.com/d2.jpg""}, {""item_id"": 1003, ""name"": ""Thai Special 3"", ""price"": 13.92, ""description"": ""Customer favorite"", ""image_url"": ""cdn.jet.com/d3.jpg""}]}, {""category_name"": ""Sides"", ""items"": [{""item_id"": 2001, ""name"": ""Side Dish 1"", ""price"": 5.03, ""description"": ""Perfect accompaniment"", ""image_url"": ""cdn.jet.com/sd1.jpg""}, {""item_id"": 2002, ""name"": ""Side Dish 2"", ""price"": 3.79, ""description"": null, ""image_url"": null}]}]}"
5009-003,5009,2024-08-18 00:00:00,"{""categories"": [{""category_name"": ""Main Dishes"", ""items"": [{""item_id"": 1001, ""name"": ""Thai Special 1"", ""price"": 12.82, ""description"": ""House specialty"", ""image_url"": ""cdn.jet.com/d1.jpg""}, {""item_id"": 1002, ""name"": ""Thai Special 2"", ""price"": 15.23, ""description"": ""Chef recommendation"", ""image_url"": ""cdn.jet.com/d2.jpg""}, {""item_id"": 1003, ""name"": ""Thai Special 3"", ""price"": 13.77, ""description"": ""Customer favorite"", ""image_url"": ""cdn.jet.com/d3.jpg""}]}, {""category_name"": ""Sides"", ""items"": [{""item_id"": 2001, ""name"": ""Side Dish 1"", ""price"": 4.95, ""description"": ""Perfect accompaniment"", ""image_url"": ""cdn.jet.com/sd1.jpg""}, {""item_id"": 2002, ""name"": ""Side Dish 2"", ""price"": 4.02, ""description"": null, ""image_url"": null}]}]}"
5009-004,5009,2024-09-26 00:00:00,"{""categories"": [{""category_name"": ""Main Dishes"", ""items"": [{""item_id"": 1001, ""name"": ""Thai Special 1"", ""price"": 13.1, ""description"": ""House specialty"", ""image_url"": ""cdn.jet.com/d1.jpg""}, {""item_id"": 1002, ""name"": ""Thai Special 2"", ""price"": 14.83, ""description"": ""Chef recommendation"", ""image_url"": ""cdn.jet.com/d2.jpg""}, {""item_id"": 1003, ""name"": ""Thai Special 3"", ""price"": 13.7, ""description"": ""Customer favorite"", ""image_url"": ""cdn.jet.com/d3.jpg""}]}, {""category_name"": ""Sides"", ""items"": [{""item_id"": 2001, ""name"": ""Side Dish 1"", ""price"": 5.06, ""description"": ""Perfect accompaniment"", ""image_url"": ""cdn.jet.com/sd1.jpg""}, {""item_id"": 2002, ""name"": ""Side Dish 2"", ""price"": 3.76, ""description"": null, ""image_url"": null}]}]}"
5009-005,5009,2024-11-13 00:00:00,"{""categories"": [{""category_name"": ""Main Dishes"", ""items"": [{""item_id"": 1001, ""name"": ""Thai Special 1"", ""price"": 12.71, ""description"": ""House specialty"", ""image_url"": ""cdn.jet.com/d1.jpg""}, {""item_id"": 1002, ""name"": ""Thai Special 2"", ""price"": 14.78, ""description"": ""Chef recommendation"", ""image_url"": ""cdn.jet.com/d2.jpg""}, {""item_id"": 1003, ""name"": ""Thai Special 3"", ""price"": 14.12, ""description"": ""Customer favorite"", ""image_url"": ""cdn.jet.com/d3.jpg""}]}, {""category_name"": ""Sides"", ""items"": [{""item_id"": 2001, ""name"": ""Side Dish 1"", ""price"": 4.97, ""description"": ""Perfect accompaniment"", ""image_url"": ""cdn.jet.com/sd1.jpg""}, {""item_id"": 2002, ""name"": ""Side Dish 2"", ""price"": 3.86, ""description"": null, ""image_url"": null}]}]}"
5010-001,5010,2024-05-11 00:00:00,"{""categories"": [{""category_name"": ""Main Dishes"", ""items"": [{""item_id"": 1001, ""name"": ""Chinese Special 1"", ""price"": 13.23, ""description"": ""House specialty"", ""image_url"": ""cdn.jet.com/d1.jpg""}, {""item_id"": 1002, ""name"": ""Chinese Special 2"", ""price"": 15.08, ""description"": ""Chef recommendation"", ""image_url"": ""cdn.jet.com/d2.jpg""}, {""item_id"": 1003, ""name"": ""Chinese Special 3"", ""price"": 14.1, ""description"": ""Customer favorite"", ""image_url"": ""cdn.jet.com/d3.jpg""}]}, {""category_name"": ""Sides"", ""items"": [{""item_id"": 2001, ""name"": ""Side Dish 1"", ""price"": 4.86, ""description"": ""Perfect accompaniment"", ""image_url"": ""cdn.jet.com/sd1.jpg""}, {""item_id"": 2002, ""name"": ""Side Dish 2"", ""price"": 3.92, ""description"": null, ""image_url"": null}]}]}"
5010-002,5010,2024-07-13 00:00:00,"{""categories"": [{""category_name"": ""Main Dishes"", ""items"": [{""item_id"": 1001, ""name"": ""Chinese Special 1"", ""price"": 12.99, ""description"": ""House specialty"", ""image_url"": ""cdn.jet.com/d1.jpg""}, {""item_id"": 1002, ""name"": ""Chinese Special 2"", ""price"": 14.91, ""description"": ""Chef recommendation"", ""image_url"": ""cdn.jet.com/d2.jpg""}, {""item_id"": 1003, ""name"": ""Chinese Special 3"", ""price"": 13.98, ""description"": ""Customer favorite"", ""image_url"": ""cdn.jet.com/d3.jpg""}]}, {""category_name"": ""Sides"", ""items"": [{""item_id"": 2001, ""name"": ""Side Dish 1"", ""price"": 5.25, ""description"": ""Perfect accompaniment"", ""image_url"": ""cdn.jet.com/sd1.jpg""}, {""item_id"": 2002, ""name"": ""Side Dish 2"", ""price"": 3.73, ""description"": null, ""image_url"": null}]}]}"
5010-003,5010,2024-09-09 00:00:00,"{""categories"": [{""category_name"": ""Main Dishes"", ""items"": [{""item_id"": 1001, ""name"": ""Chinese Special 1"", ""price"": 13.02, ""description"": ""House specialty"", ""image_url"": ""cdn.jet.com/d1.jpg""}, {""item_id"": 1002, ""name"": ""Chinese Special 2"", ""price"": 14.81, ""description"": ""Chef recommendation"", ""image_url"": ""cdn.jet.com/d2.jpg""}, {""item_id"": 1003, ""name"": ""Chinese Special 3"", ""price"": 13.95, ""description"": ""Customer favorite"", ""image_url"": ""cdn.jet.com/d3.jpg""}]}, {""category_name"": ""Sides"", ""items"": [{""item_id"": 2001, ""name"": ""Side Dish 1"", ""price"": 4.89, ""description"": ""Perfect accompaniment"", ""image_url"": ""cdn.jet.com/sd1.jpg""}, {""item_id"": 2002, ""name"": ""Side Dish 2"", ""price"": 3.69, ""description"": null, ""image_url"": null}]}]}"
5010-004,5010,2024-11-06 00:00:00,"{""categories"": [{""category_name"": ""Main Dishes"", ""items"": [{""item_id"": 1001, ""name"": ""Chinese Special 1"", ""price"": 12.72, ""description"": ""House specialty"", ""image_url"": ""cdn.jet.com/d1.jpg""}, {""item_id"": 1002, ""name"": ""Chinese Special 2"", ""price"": 15.14, ""description"": ""Chef recommendation"", ""image_url"": ""cdn.jet.com/d2.jpg""}]}, {""category_name"": ""Sides"", ""items"": [{""item_id"": 2001, ""name"": ""Side Dish 1"", ""price"": 5.14, ""description"": ""Perfect accompaniment"", ""image_url"": ""cdn.jet.com/sd1.jpg""}, {""item_id"": 2002, ""name"": ""Side Dish 2"", ""price"": 4.12, ""description"": null, ""image_url"": null}]}]}"
5010-005,5010,2024-12-13 00:00:00,"{""categories"": [{""category_name"": ""Main Dishes"", ""items"": [{""item_id"": 1001, ""name"": ""Chinese Special 1"", ""price"": 12.97, ""description"": ""House specialty"", ""image_url"": ""cdn.jet.com/d1.jpg""}, {""item_id"": 1002, ""name"": ""Chinese Special 2"", ""price"": 14.82, ""description"": ""Chef recommendation"", ""image_url"": ""cdn.jet.com/d2.jpg""}, {""item_id"": 1003, ""name"": ""Chinese Special 3"", ""price"": 13.99, ""description"": ""Customer favorite"", ""image_url"": ""cdn.jet.com/d3.jpg""}]}, {""category_name"": ""Sides"", ""items"": [{""item_id"": 2001, ""name"": ""Side Dish 1"", ""price"": 5.14, ""description"": ""Perfect accompaniment"", ""image_url"": ""cdn.jet.com/sd1.jpg""}, {""item_id"": 2002, ""name"": ""Side Dish 2"", ""price"": 3.83, ""description"": null, ""image_url"": null}]}]}"
5011-001,5011,2024-05-15 00:00:00,"{""categories"": [{""category_name"": ""Main Dishes"", ""items"": [{""item_id"": 1001, ""name"": ""Greek Special 1"", ""price"": 12.98, ""description"": ""House specialty"", ""image_url"": ""cdn.jet.com/d1.jpg""}, {""item_id"": 1002, ""name"": ""Greek Special 2"", ""price"": 15.04, ""description"": ""Chef recommendation"", ""image_url"": ""cdn.jet.com/d2.jpg""}, {""item_id"": 1003, ""name"": ""Greek Special 3"", ""price"": 14.1, ""description"": ""Customer favorite"", ""image_url"": ""cdn.jet.com/d3.jpg""}]}, {""category_name"": ""Sides"", ""items"": [{""item_id"": 2001, ""name"": ""Side Dish 1"", ""price"": 5.09, ""description"": ""Perfect accompaniment"", ""image_url"": ""cdn.jet.com/sd1.jpg""}, {""item_id"": 2002, ""name"": ""Side Dish 2"", ""price"": 4.01, ""description"": null, ""image_url"": null}]}]}"
5011-002,5011,2024-07-11 00:00:00,"{""categories"": [{""category_name"": ""Main Dishes"", ""items"": [{""item_id"": 1001, ""name"": ""Greek Special 1"", ""price"": 12.84, ""description"": ""House specialty"", ""image_url"": ""cdn.jet.com/d1.jpg""}, {""item_id"": 1002, ""name"": ""Greek Special 2"", ""price"": 15.08, ""description"": ""Chef recommendation"", ""image_url"": ""cdn.jet.com/d2.jpg""}, {""item_id"": 1003, ""name"": ""Greek Special 3"", ""price"": 13.88, ""description"": ""Customer favorite"", ""image_url"": ""cdn.jet.com/d3.jpg""}]}, {""category_name"": ""Sides"", ""items"": [{""item_id"": 2001, ""name"": ""Side Dish 1"", ""price"": 4.89, ""description"": ""Perfect accompaniment"", ""image_url"": ""cdn.jet.com/sd1.jpg""}, {""item_id"": 2002, ""name"": ""Side Dish 2"", ""price"": 3.77, ""description"": null, ""image_url"": null}]}]}"
5011-003,5011,2024-09-01 00:00:00,"{""categories"": [{""category_name"": ""Main Dishes"", ""items"": [{""item_id"": 1001, ""name"": ""Greek Special 1"", ""price"": 12.85, ""description"": ""House specialty"", ""image_url"": ""cdn.jet.com/d1.jpg""}, {""item_id"": 1002, ""name"": ""Greek Special 2"", ""price"": 14.9, ""description"": ""Chef recommendation"", ""image_url"": ""cdn.jet.com/d2.jpg""}, {""item_id"": 1003, ""name"": ""Greek Special 3"", ""price"": 13.72, ""description"": ""Customer favorite"", ""image_url"": ""cdn.jet.com/d3.jpg""}]}, {""category_name"": ""Sides"", ""items"": [{""item_id"": 2001, ""name"": ""Side Dish 1"", ""price"": 4.7, ""description"": ""Perfect accompaniment"", ""image_url"": ""cdn.jet.com/sd1.jpg""}, {""item_id"": 2002, ""name"": ""Side Dish 2"", ""price"": 3.88, ""description"": null, ""image_url"": null}]}]}"
5011-004,5011,2024-10-16 00:00:00,"{""categories"": [{""category_name"": ""Main Dishes"", ""items"": [{""item_id"": 1001, ""name"": ""Greek Special 1"", ""price"": 13.25, ""description"": ""House specialty"", ""image_url"": ""cdn.jet.com/d1.jpg""}, {""item_id"": 1002, ""name"": ""Greek Special 2"", ""price"": 15.17, ""description"": ""Chef recommendation"", ""image_url"": ""cdn.jet.com/d2.jpg""}]}, {""category_name"": ""Sides"", ""items"": [{""item_id"": 2001, ""name"": ""Side Dish 1"", ""price"": 5.01, ""description"": ""Perfect accompaniment"", ""image_url"": ""cdn.jet.com/sd1.jpg""}, {""item_id"": 2002, ""name"": ""Side Dish 2"", ""price"": 4.28, ""description"": null, ""image_url"": null}]}]}"
5011-005,5011,2024-11-23 00:00:00,"{""categories"": [{""category_name"": ""Main Dishes"", ""items"": [{""item_id"": 1001, ""name"": ""Greek Special 1"", ""price"": 13.07, ""description"": ""House specialty"", ""image_url"": ""cdn.jet.com/d1.jpg""}, {""item_id"": 1002, ""name"": ""Greek Special 2"", ""price"": 14.93, ""description"": ""Chef recommendation"", ""image_url"": ""cdn.jet.com/d2.jpg""}, {""item_id"": 1003, ""name"": ""Greek Special 3"", ""price"": 13.94, ""description"": ""Customer favorite"", ""image_url"": ""cdn.jet.com/d3.jpg""}]}, {""category_name"": ""Sides"", ""items"": [{""item_id"": 2001, ""name"": ""Side Dish 1"", ""price"": 5.1, ""description"": ""Perfect accompaniment"", ""image_url"": ""cdn.jet.com/sd1.jpg""}, {""item_id"": 2002, ""name"": ""Side Dish 2"", ""price"": 3.77, ""description"": null, ""image_url"": null}]}]}"
5011-006,5011,2024-12-28 00:00:00,"{""categories"": [{""category_name"": ""Main Dishes"", ""items"": [{""item_id"": 1001, ""name"": ""Greek Special 1"", ""price"": 13.14, ""description"": ""House specialty"", ""image_url"": ""cdn.jet.com/d1.jpg""}, {""item_id"": 1002, ""name"": ""Greek Special 2"", ""price"": 15.23, ""description"": ""Chef recommendation"", ""image_url"": ""cdn.jet.com/d2.jpg""}, {""item_id"": 1003, ""name"": ""Greek Special 3"", ""price"": 13.76, ""description"": ""Customer favorite"", ""image_url"": ""cdn.jet.com/d3.jpg""}]}, {""category_name"": ""Sides"", ""items"": [{""item_id"": 2001, ""name"": ""Side Dish 1"", ""price"": 5.2, ""description"": ""Perfect accompaniment"", ""image_url"": ""cdn.jet.com/sd1.jpg""}, {""item_id"": 2002, ""name"": ""Side Dish 2"", ""price"": 3.96, ""description"": null, ""image_url"": null}]}]}"
5012-001,5012,2024-05-31 00:00:00,"{""categories"": [{""category_name"": ""Main Dishes"", ""items"": [{""item_id"": 1001, ""name"": ""Vietnamese Special 1"", ""price"": 13.12, ""description"": ""House specialty"", ""image_url"": ""cdn.jet.com/d1.jpg""}, {""item_id"": 1002, ""name"": ""Vietnamese Special 2"", ""price"": 15.15, ""description"": ""Chef recommendation"", ""image_url"": ""cdn.jet.com/d2.jpg""}, {""item_id"": 1003, ""name"": ""Vietnamese Special 3"", ""price"": 13.81, ""description"": ""Customer favorite"", ""image_url"": ""cdn.jet.com/d3.jpg""}]}, {""category_name"": ""Sides"", ""items"": [{""item_id"": 2001, ""name"": ""Side Dish 1"", ""price"": 5.19, ""description"": ""Perfect accompaniment"", ""image_url"": ""cdn.jet.com/sd1.jpg""}, {""item_id"": 2002, ""name"": ""Side Dish 2"", ""price"": 4.0, ""description"": null, ""image_url"": null}]}]}"
5012-002,5012,2024-07-26 00:00:00,"{""categories"": [{""category_name"": ""Main Dishes"", ""items"": [{""item_id"": 1001, ""name"": ""Vietnamese Special 1"", ""price"": 13.25, ""description"": ""House specialty"", ""image_url"": ""cdn.jet.com/d1.jpg""}, {""item_id"": 1002, ""name"": ""Vietnamese Special 2"", ""price"": 14.94, ""description"": ""Chef recommendation"", ""image_url"": ""cdn.jet.com/d2.jpg""}, {""item_id"": 1003, ""name"": ""Vietnamese Special 3"", ""price"": 14.29, ""description"": ""Customer favorite"", ""image_url"": ""cdn.jet.com/d3.jpg""}]}, {""category_name"": ""Sides"", ""items"": [{""item_id"": 2001, ""name"": ""Side Dish 1"", ""price"": 4.99, ""description"": ""Perfect accompaniment"", ""image_url"": ""cdn.jet.com/sd1.jpg""}, {""item_id"": 2002, ""name"": ""Side Dish 2"", ""price"": 4.13, ""description"": null, ""image_url"": null}]}]}"
5012-003,5012,2024-09-28 00:00:00,"{""categories"": [{""category_name"": ""Main Dishes"", ""items"": [{""item_id"": 1001, ""name"": ""Vietnamese Special 1"", ""price"": 13.11, ""description"": ""House specialty"", ""image_url"": ""cdn.jet.com/d1.jpg""}, {""item_id"": 1002, ""name"": ""Vietnamese Special 2"", ""price"": 14.96, ""description"": ""Chef recommendation"", ""image_url"": ""cdn.jet.com/d2.jpg""}]}, {""category_name"": ""Sides"", ""items"": [{""item_id"": 2001, ""name"": ""Side Dish 1"", ""price"": 5.09, ""description"": ""Perfect accompaniment"", ""image_url"": ""cdn.jet.com/sd1.jpg""}, {""item_id"": 2002, ""name"": ""Side Dish 2"", ""price"": 4.01, ""description"": null, ""image_url"": null}]}]}"
